Time,X,Y,Z,R,Theta,Phi,label
0,3.220201,6.949171,4.565742,8.916651,59.199738,65.137291,BUENO
0.00995,3.256114,7.290344,4.739322,9.285072,59.307934,65.932846,BUENO
0.019803,3.71221,7.072472,5.389348,9.635633,55.991604,62.305847,BUENO
0.029728,3.99712,6.756437,5.493496,9.581488,55.016201,59.391369,BUENO
0.039727,4.091691,6.354211,5.365406,9.268523,54.627865,57.221153,BUENO
0.049784,4.499902,6.368577,5.643134,9.625634,54.10788,54.755775,BUENO
0.059765,5.272032,6.873753,5.920861,10.492826,55.647896,52.512508,BUENO
0.069929,6.160281,7.526173,6.092046,11.476296,57.937954,50.699181,BUENO
0.079991,6.573281,7.714118,6.082469,11.819986,59.029816,49.565334,BUENO
0.090047,6.775591,7.887698,6.002264,12.006314,60.004925,49.337177,BUENO
0.099897,6.526594,7.592013,6.068104,11.707133,58.78001,49.315479,BUENO
0.109916,5.693412,6.716933,5.674258,10.475177,57.2015,49.714695,BUENO
0.119951,4.827908,6.248867,5.385756,9.55842,55.704803,52.310135,BUENO
0.130006,3.973178,5.942409,5.172673,8.823543,54.109692,56.232758,BUENO
0.140068,3.550601,6.344635,5.023035,8.836969,55.36047,60.767635,BUENO
0.149961,3.543418,6.910863,5.092467,9.287037,56.7467,62.854351,BUENO
0.159794,3.699042,7.05691,5.212177,9.521012,56.808479,62.337685,BUENO
0.17001,3.913323,6.944382,5.228937,9.533117,56.735676,60.597717,BUENO
0.180087,4.112041,7.012617,5.352238,9.733043,56.639584,59.613594,BUENO
0.189921,4.066552,7.163452,5.462371,9.883794,56.450348,60.417271,BUENO
0.199793,3.919308,7.183802,5.748478,10.000649,54.913639,61.38419,BUENO
0.20979,3.98036,7.067683,5.901707,10.031229,53.961166,60.612766,BUENO
0.219896,4.21978,6.975507,5.875371,10.04909,54.220535,58.828476,BUENO
0.230053,4.503493,6.885724,5.749675,10.037601,55.053333,56.813972,BUENO
0.240019,4.624401,6.864176,5.57849,9.98106,56.019718,56.031822,BUENO
0.250052,4.590882,6.947973,5.482722,9.970495,56.640217,56.545219,BUENO
0.259968,4.487931,7.068881,5.456386,9.994136,56.909798,57.589119,BUENO
0.269844,4.436456,7.184999,5.555745,10.108049,56.657974,58.306293,BUENO
0.279766,4.428076,7.115568,5.675455,10.121757,55.894505,58.105656,BUENO
0.290038,4.437653,6.964733,5.697003,10.032752,55.400227,57.496319,BUENO
0.300346,4.432865,6.843825,5.634754,9.911543,55.354015,57.068169,BUENO
0.31007,4.365827,6.82946,5.580884,9.84115,55.451981,57.41069,BUENO
0.320007,4.267664,6.898892,5.562928,9.836353,55.559662,58.259007,BUENO
0.329798,4.214992,6.904878,5.489904,9.776632,55.8381,58.598568,BUENO
0.339909,4.250905,6.858191,5.474342,9.750559,55.844639,58.208168,BUENO
0.349882,4.243722,6.793547,5.511452,9.723043,55.469536,58.008232,BUENO
0.36008,4.213795,6.744466,5.527015,9.684616,55.200912,58.003757,BUENO
0.370041,4.237737,6.737284,5.564125,9.711276,55.043449,57.830196,BUENO
0.380132,4.376601,6.749255,5.606023,9.804824,55.126831,57.03833,BUENO
0.390002,4.41012,6.738481,5.679047,9.854331,54.809307,56.796539,BUENO
0.399827,4.296395,6.727707,5.734113,9.828586,54.309128,57.43721,BUENO
0.40992,4.198233,6.713342,5.707777,9.76078,54.213509,57.979927,BUENO
0.419995,4.104859,6.823475,5.729325,9.809936,54.265301,58.969769,BUENO
0.430097,4.335899,6.756437,5.543774,9.756172,55.372936,57.309948,BUENO
0.440021,4.547786,6.767211,5.591658,9.886563,55.557316,56.09761,BUENO
0.450016,4.728549,6.981492,5.588067,10.115675,56.467041,55.890305,BUENO
0.460101,4.892551,7.596802,5.527015,10.592278,58.547157,57.217342,BUENO
0.469877,4.129998,7.299921,5.558139,10.061742,56.467957,60.500587,BUENO
0.479887,4.050989,6.859388,5.741296,9.819582,54.219738,59.434925,BUENO
0.490386,4.181473,6.563704,5.91727,9.776554,52.75309,57.50042,BUENO
0.500112,4.314352,6.490681,5.926847,9.791327,52.748417,56.388039,BUENO
0.509956,4.423288,6.592434,5.799953,9.831842,53.849007,56.139801,BUENO
0.520231,4.522647,6.782773,5.656301,9.922403,55.246037,56.305267,BUENO
0.530593,4.498705,6.932411,5.621585,9.994944,55.775085,57.018929,BUENO
0.540153,4.302381,6.945579,5.620389,9.916669,55.475281,58.224205,BUENO
0.5499009,4.121618,6.88333,5.622783,9.797125,54.975845,59.087559,BUENO
0.559916,4.083311,6.819883,5.601235,9.724097,54.829189,59.089516,BUENO
0.57025,4.175488,6.793547,5.594052,9.740657,54.949425,58.424053,BUENO
0.579965,4.299986,6.797139,5.619191,9.811539,55.060402,57.681854,BUENO
0.59031,4.398149,6.787562,5.66109,9.872317,55.010193,57.057903,BUENO
0.600522,4.426879,6.745663,5.612009,9.82832,55.179741,56.724892,BUENO
0.609865,4.43047,6.683414,5.612009,9.787325,55.01265,56.459389,BUENO
0.620056,4.398149,6.639122,5.542577,9.70267,55.16309,56.477142,BUENO
0.6313319,4.350265,6.645107,5.486313,9.653076,55.364845,56.788963,BUENO
0.639976,4.355053,6.793547,5.432444,9.727806,56.051678,57.337803,BUENO
0.650099,4.361038,6.841431,5.482722,9.792042,55.950005,57.484718,BUENO
0.6598899,4.33949,6.843825,5.688623,9.900988,54.931797,57.622288,BUENO
0.670126,4.38498,6.862979,5.756858,9.973462,54.744923,57.424168,BUENO
0.680398,4.46758,6.818686,5.723339,9.960441,54.927883,56.767319,BUENO
0.690045,4.527435,6.730101,5.643134,9.881138,55.17292,56.070713,BUENO
0.700088,4.507085,6.651093,5.589264,9.787272,55.174797,55.876633,BUENO
0.709925,4.452018,6.625953,5.564125,9.73053,55.122669,56.102604,BUENO
0.7200679,4.394557,6.636727,5.554548,9.70625,55.091675,56.489178,BUENO
0.730792,4.35625,6.695385,5.538986,9.720363,55.261402,56.950573,BUENO
0.739982,4.371812,6.803124,5.665878,9.874078,54.983421,57.274456,BUENO
0.750124,4.505888,6.936002,5.749675,10.073227,55.194817,56.990734,BUENO
0.7613249,4.663905,7.022193,5.720945,10.187857,55.837254,56.409222,BUENO
0.770281,4.72376,6.973113,5.695806,10.167616,55.931,55.885311,BUENO
0.780012,4.795586,6.867768,5.732916,10.150379,55.611721,55.07439,BUENO
0.790105,4.693832,6.739678,5.746084,10.023613,55.022491,55.14481,BUENO
0.80009,4.519056,6.640318,5.722142,9.861978,54.533798,55.762833,BUENO
0.8101479,4.369418,6.636727,5.683835,9.769542,54.423367,56.640316,BUENO
0.8211589,4.272453,6.715736,5.657499,9.76536,54.595612,57.536079,BUENO
0.831274,4.250905,6.791153,5.649119,9.803188,54.812557,57.955597,BUENO
0.839968,4.276044,6.824672,5.560534,9.786737,55.377266,57.930519,BUENO
0.850222,4.254497,6.795941,5.507861,9.727388,55.512806,57.951996,BUENO
0.860363,4.258088,6.789956,5.543774,9.745165,55.328236,57.907532,BUENO
0.870219,4.31076,6.816292,5.610812,9.82475,55.173763,57.689919,BUENO
0.880345,4.355053,6.877345,5.626374,9.895475,55.348705,57.656116,BUENO
0.89019,4.357447,6.907272,5.644331,9.927548,55.350662,57.754253,BUENO
0.899938,4.352659,6.913258,5.645528,9.930295,55.353222,57.805058,BUENO
0.910201,4.344279,6.901287,5.62398,9.906042,55.407761,57.810066,BUENO
0.920133,4.294001,6.842628,5.699397,9.886513,54.796513,57.890217,BUENO
0.9300709,4.156334,6.748057,5.752069,9.792737,54.02861,58.36982,BUENO
0.939948,3.967192,6.660669,5.683835,9.612966,53.752987,59.221352,BUENO
0.94991,3.870227,6.678626,5.610812,9.542741,53.987164,59.90794,BUENO
0.960341,3.890578,6.740875,5.571307,9.571596,54.403969,60.008083,BUENO
0.970038,3.974375,6.79235,5.546168,9.62765,54.825634,59.667027,BUENO
0.980078,4.185065,6.821081,5.584476,9.758497,55.091469,58.468861,BUENO
0.990423,4.456807,6.845023,5.627571,9.919023,55.434265,56.931778,BUENO
0.9999599,4.801571,6.897695,5.612009,10.105837,56.267002,55.157745,BUENO
1.010114,4.955997,6.861782,5.583278,10.139969,56.590382,54.160885,BUENO
1.020012,5.030218,6.799533,5.639542,10.165686,56.305634,53.506382,BUENO
1.030118,5.090073,6.745663,5.756858,10.225176,55.735909,52.962906,BUENO
1.040051,5.12838,6.678626,5.790377,10.219236,55.485458,52.48008,BUENO
1.0501209,5.158308,6.618771,5.70658,10.14797,55.782425,52.069099,BUENO
1.059927,5.214571,6.59842,5.574899,10.090114,56.460552,51.681534,BUENO
1.069968,5.297171,6.667852,5.493496,10.13404,57.174416,51.53516,BUENO
1.0799739,5.297171,6.737284,5.500679,10.183736,57.306591,51.823895,BUENO
1.0900329,5.276821,6.811504,5.543774,10.245724,57.242691,52.235325,BUENO
1.100283,5.190629,6.876147,5.505467,10.224197,57.420166,52.951771,BUENO
1.110075,5.035006,6.901287,5.464766,10.141139,57.393185,53.886444,BUENO
1.120034,4.891354,6.859388,5.383362,9.997857,57.421703,54.507751,BUENO
1.1300789,4.790798,6.82946,5.357026,9.914182,57.293232,54.950726,BUENO
1.1399519,4.727351,6.787562,5.358223,9.855425,57.065315,55.143845,BUENO
1.1505369,4.692636,6.746861,5.407305,9.837678,56.656818,55.180279,BUENO
1.16053,4.666299,6.730101,5.407305,9.813642,56.564438,55.264587,BUENO
1.1701169,4.588488,6.740875,5.398925,9.779673,56.491837,55.75703,BUENO
1.179996,4.514267,6.760028,5.368997,9.741803,56.55545,56.265469,BUENO
1.190053,4.440047,6.769605,5.35942,9.709015,56.495361,56.739941,BUENO
1.2004139,4.377798,6.812701,5.329493,9.694406,56.650185,57.275459,BUENO
1.2100739,4.296395,6.835446,5.30196,9.658835,56.706825,57.848732,BUENO
1.220927,4.224569,6.827066,5.331887,9.637678,56.410866,58.250896,BUENO
1.230112,4.224569,6.80911,5.379771,9.651575,56.12394,58.183338,BUENO
1.240014,4.309563,6.781576,5.42167,9.693122,55.99041,57.564816,BUENO
1.250253,4.428076,6.740875,5.486313,9.754326,55.774647,56.699116,BUENO
1.259933,4.534618,6.690597,5.536592,9.796973,55.588482,55.872158,BUENO
1.2703929,4.557363,6.619968,5.567716,9.777167,55.28735,55.455437,BUENO
1.28001,4.487931,6.59842,5.567716,9.730371,55.096233,55.778324,BUENO
1.2901469,4.377798,6.639122,5.536592,9.690041,55.154236,56.599377,BUENO
1.2999589,4.325125,6.75524,5.471948,9.709902,55.698818,57.370098,BUENO
1.310059,4.322731,6.860585,5.426458,9.757052,56.209522,57.785709,BUENO
1.3199619,4.40174,6.930017,5.371391,9.810825,56.804577,57.577507,BUENO
1.330157,4.515464,6.949171,5.372589,9.876493,57.045193,56.984806,BUENO
1.3410879,4.617218,6.931214,5.415684,9.934287,56.965034,56.33049,BUENO
1.349943,4.67827,6.876147,5.48751,9.963954,56.582466,55.770111,BUENO
1.360177,4.744111,6.831854,5.554548,10.001691,56.264427,55.223484,BUENO
1.3702339,4.782418,6.821081,5.597643,10.036547,56.101318,54.964813,BUENO
1.380097,4.782418,6.816292,5.584476,10.025952,56.151279,54.945896,BUENO
1.390186,4.768053,6.801927,5.548563,9.989348,56.25843,54.9701,BUENO
1.399985,4.726154,6.786365,5.516241,9.940834,56.295677,55.145905,BUENO
1.4100699,4.684256,6.816292,5.523423,9.945466,56.263729,55.502583,BUENO
1.419946,4.653131,6.841431,5.517438,9.944795,56.302601,55.778812,BUENO
1.430486,4.654328,6.870162,5.463568,9.935415,56.639271,55.883545,BUENO
1.4400359,4.649539,6.902483,5.452795,9.949647,56.767414,56.035641,BUENO
1.4503709,4.654328,6.941988,5.453991,9.97998,56.873234,56.159714,BUENO
1.4601179,4.650737,6.973113,5.505467,10.028151,56.701481,56.298584,BUENO
1.4701329,4.67827,7.012617,5.597643,10.119122,56.414906,56.291878,BUENO
1.480032,4.649539,7.009026,5.670667,10.144019,56.012241,56.441113,BUENO
1.4904029,4.572925,6.977901,5.693412,10.100381,55.689125,56.761414,BUENO
1.499929,4.462792,6.902483,5.650316,9.97431,55.494389,57.11536,BUENO
1.5100939,4.340688,6.843825,5.604826,9.853607,55.332745,57.615135,BUENO
1.520007,4.235343,6.791153,5.565322,9.748369,55.187145,58.050026,BUENO
1.5301049,4.159925,6.785168,5.515044,9.682933,55.28022,58.487911,BUENO
1.5399469,4.158728,6.833052,5.475539,9.693665,55.607605,58.674492,BUENO
1.5503449,4.192247,6.895301,5.445612,9.735235,55.987667,58.700977,BUENO
1.5600729,4.270059,6.964733,5.433641,9.811491,56.371635,58.487652,BUENO
1.5704839,4.378995,7.012617,5.439626,9.896561,56.65712,58.017479,BUENO
1.579975,4.489128,7.025785,5.463568,9.968175,56.763161,57.423439,BUENO
1.5902029,4.578911,6.989872,5.491102,9.998847,56.689671,56.772079,BUENO
1.599996,4.627992,6.910863,5.49589,9.96911,56.544304,56.191002,BUENO
1.6103549,4.661511,6.843825,5.489904,9.935123,56.456127,55.740185,BUENO
1.6200829,4.659117,6.805518,5.462371,9.892419,56.483471,55.604118,BUENO
1.6303068,4.629189,6.785168,5.476737,9.872312,56.306004,55.696186,BUENO
1.640226,4.598064,6.797139,5.434838,9.842802,56.484425,55.922806,BUENO
1.651896,4.605247,6.89171,5.418078,9.902502,56.828812,56.247967,BUENO
1.6599209,4.605247,6.89171,5.418078,9.902502,56.828812,56.247967,BUENO
1.670264,4.617218,6.915652,5.428853,9.930629,56.860619,56.271042,BUENO
1.679824,4.662708,6.949171,5.401319,9.960224,57.160408,56.139442,BUENO
1.6899029,4.683059,6.968324,5.396531,9.980537,57.268326,56.096947,BUENO
1.7001269,4.662708,6.939594,5.419276,9.9633,57.048851,56.102879,BUENO
1.709873,4.590882,6.892907,5.507861,9.946099,56.373898,56.335197,BUENO
1.7199669,4.386178,6.847417,5.485116,9.808781,55.999184,57.358025,BUENO
1.729883,4.371812,6.871359,5.44202,9.795095,56.248894,57.533974,BUENO
1.7402179,4.452018,6.908469,5.385756,9.826179,56.763042,57.201092,BUENO
1.7506659,4.520253,6.934805,5.347449,9.854918,57.138012,56.902843,BUENO
1.7600149,4.63278,6.967127,5.341464,9.926467,57.445389,56.378143,BUENO
1.770679,4.746505,6.969521,5.340267,9.981081,57.65345,55.743671,BUENO
1.779861,4.833893,6.939594,5.401319,10.034876,57.435093,55.140198,BUENO
1.7901189,4.826711,6.860585,5.45878,10.008149,56.945705,54.871998,BUENO
1.799932,4.765658,6.793547,5.448006,9.926961,56.714653,54.950424,BUENO
1.8099949,4.681861,6.743269,5.432444,9.843929,56.505478,55.227695,BUENO
1.8199099,4.613626,6.73489,5.368997,9.770896,56.668056,55.58754,BUENO
1.829888,4.581305,6.740875,5.300763,9.72244,56.961044,55.798771,BUENO
1.8398489,4.589684,6.732495,5.272032,9.704948,57.096115,55.716919,BUENO
1.8498439,4.607641,6.731298,5.226542,9.688006,57.351353,55.607967,BUENO
1.8598489,4.616021,6.698977,5.220557,9.666341,57.311203,55.430691,BUENO
1.8698219,4.665102,6.684611,5.212177,9.675433,57.404667,55.089321,BUENO
1.879805,4.778827,6.721721,5.272032,9.788414,57.411667,54.588966,BUENO
1.889948,4.893748,6.805518,5.316325,9.926085,57.615978,54.280643,BUENO
1.899847,4.951209,6.861782,5.305551,9.987362,57.91164,54.187172,BUENO
1.909835,4.99191,6.909666,5.383362,10.081828,57.726124,54.153648,BUENO
1.920413,5.038598,6.941988,5.380968,10.125881,57.899403,54.027302,BUENO
1.9301379,5.100847,6.989872,5.373785,10.185996,58.158852,53.879967,BUENO
1.9404899,5.140351,7.041347,5.371391,10.239903,58.361721,53.869667,BUENO
1.9511139,5.09127,7.079654,5.462371,10.289803,57.936905,54.278538,BUENO
1.960258,5.063736,7.126341,5.479131,10.317317,57.922791,54.603691,BUENO
1.9706649,4.966772,7.17662,5.475539,10.303117,57.896866,55.313789,BUENO
1.9800539,4.842273,7.241263,5.493496,10.29864,57.763206,56.229134,BUENO
1.9899629,4.687847,7.269993,5.489904,10.245378,57.598965,57.185211,BUENO
2.0000749,4.59567,7.267599,5.505467,10.210208,57.369984,57.692764,BUENO
2.010196,4.58729,7.268796,5.574899,10.244907,57.03252,57.744244,BUENO
2.020026,4.545392,7.222109,5.560534,10.185233,56.91103,57.814846,BUENO
2.03057,4.471172,7.140707,5.510255,10.066975,56.813942,57.947155,BUENO
2.040036,4.408922,7.049727,5.445612,9.939413,56.778263,57.978004,BUENO
2.050626,4.370615,6.9372,5.398925,9.817098,56.636333,57.788013,BUENO
2.0598819,4.344279,6.797139,5.337873,9.67299,56.507164,57.415993,BUENO
2.0703549,4.344279,6.671443,5.29358,9.560487,56.379219,56.928818,BUENO
2.079937,4.314352,6.585252,5.329493,9.50698,55.903568,56.769043,BUENO
2.090018,4.313154,6.554127,5.377377,9.51189,55.574642,56.651798,BUENO
2.09988,4.303577,6.542156,5.476737,9.555901,55.03149,56.662182,BUENO
2.110018,4.316746,6.568492,5.511452,9.599766,54.96172,56.687496,BUENO
2.1198719,4.377798,6.591237,5.527015,9.651809,55.065453,56.408504,BUENO
2.1298299,4.40174,6.587646,5.542577,9.669155,55.024754,56.249908,BUENO
2.139858,4.423288,6.546945,5.507861,9.631433,55.119751,55.956005,BUENO
2.1498859,4.452018,6.520608,5.499481,9.622011,55.141468,55.676254,BUENO
2.1598971,4.460398,6.530185,5.538986,9.654989,54.991947,55.665241,BUENO
2.169806,4.490325,6.604405,5.626374,9.7692,54.835224,55.788277,BUENO
2.1803188,4.502296,6.698977,5.748478,9.909185,54.541286,56.095459,BUENO
2.1900709,4.503493,6.80073,5.862203,10.04474,54.2952,56.487179,BUENO
2.200289,4.486734,6.903681,5.896919,10.12745,54.38958,56.979977,BUENO
2.2103989,4.495114,6.973113,5.808333,10.127541,55.004044,57.192749,BUENO
2.2199738,4.471172,6.955156,5.880159,10.146027,54.580894,57.264771,BUENO
2.229919,4.450821,6.936002,5.823895,10.091368,54.75201,57.311779,BUENO
2.2407758,4.420894,6.900089,5.821501,10.052135,54.610565,57.352276,BUENO
2.2504029,4.407725,6.927623,5.868188,10.092356,54.447487,57.533295,BUENO
2.2602391,4.376601,6.968324,5.870583,10.108211,54.495026,57.868271,BUENO
2.2701371,4.331111,6.981492,5.83467,10.07686,54.618591,58.18576,BUENO
2.280057,4.259285,6.974309,5.803545,10.023155,54.618793,58.587143,BUENO
2.2900429,4.182671,6.931214,5.813122,9.966386,54.318935,58.890942,BUENO
2.3005209,4.143166,6.865374,5.849035,9.925241,53.892006,58.889549,BUENO
2.3098938,4.164714,6.770802,5.887342,9.891886,53.47533,58.404369,BUENO
2.319936,4.250905,6.678626,5.932832,9.893064,53.151867,57.523495,BUENO
2.3300338,4.33949,6.602011,5.947197,9.888725,53.028915,56.683151,BUENO
2.339968,4.380192,6.556521,5.936423,9.869913,53.024994,56.254444,BUENO
2.3504398,4.387374,6.56131,5.870583,9.836848,53.359295,56.2304,BUENO
2.360024,4.370615,6.64391,5.813122,9.850696,53.834263,56.661572,BUENO
2.3700719,4.340688,6.773197,5.786786,9.909826,54.271561,57.345715,BUENO
2.3799701,4.328717,6.877345,5.793968,9.980267,54.511295,57.812996,BUENO
2.3901618,4.298789,6.864176,5.829881,9.979179,54.253189,57.942551,BUENO
2.4000959,4.272453,6.754043,5.851429,9.905058,53.789639,57.683491,BUENO
2.4101088,4.26527,6.641516,5.856217,9.828404,53.427021,57.290878,BUENO
2.4206679,4.278439,6.567295,5.82629,9.766271,53.375175,56.916698,BUENO
2.4301848,4.295198,6.55293,5.779603,9.736192,53.585648,56.756672,BUENO
2.4400969,4.29041,6.613982,5.728127,9.744938,53.998569,57.029018,BUENO
2.4501719,4.298789,6.727707,5.716156,9.819169,54.398617,57.422726,BUENO
2.4600759,4.334702,6.839037,5.767632,9.94121,54.537216,57.632755,BUENO
2.4699697,4.390966,6.865374,5.825093,10.017267,54.44352,57.397774,BUENO
2.4799538,4.40174,6.774394,5.844246,9.971105,54.117973,56.985741,BUENO
2.4900749,4.412514,6.666655,5.846641,9.904431,53.821308,56.50029,BUENO
2.5007758,4.416105,6.59842,5.828684,9.849604,53.7174,56.206905,BUENO
2.5100269,4.407725,6.584054,5.823895,9.83339,53.682655,56.19949,BUENO
2.5199208,4.40174,6.646304,5.796362,9.856292,53.978588,56.484135,BUENO
2.5300488,4.40174,6.725313,5.734113,9.873459,54.495964,56.79512,BUENO
2.5399549,4.441244,6.78397,5.725733,9.926274,54.772388,56.78854,BUENO
2.5509031,4.479551,6.76362,5.74369,9.939965,54.701374,56.483456,BUENO
2.5599658,4.489128,6.692991,5.759252,9.905421,54.449223,56.149422,BUENO
2.570436,4.505888,6.592434,5.799953,9.86928,54.007633,55.64764,BUENO
2.5799081,4.481946,6.530185,5.808333,9.821807,53.745628,55.536522,BUENO
2.590436,4.423288,6.534974,5.802348,9.794826,53.673275,55.907345,BUENO
2.6001589,4.370615,6.576872,5.758055,9.773061,53.901428,56.394249,BUENO
2.6108959,4.314352,6.655881,5.664681,9.746948,54.466782,57.048634,BUENO
2.6199417,4.301183,6.731298,5.590461,9.750067,55.013973,57.422127,BUENO
2.6301928,4.349067,6.80911,5.559336,9.807374,55.468956,57.433098,BUENO
2.640172,4.460398,6.823475,5.628768,9.906462,55.375786,56.827988,BUENO
2.650605,4.583699,6.804321,5.720945,10.001915,55.11124,56.034008,BUENO
2.6599491,4.69503,6.740875,5.770026,10.03872,54.915977,55.142731,BUENO
2.670155,4.739322,6.655881,5.81791,10.030454,54.547722,54.547222,BUENO
2.68062,4.696227,6.569689,5.851429,9.972692,54.073624,54.441589,BUENO
2.690254,4.59567,6.569689,5.874174,9.93916,53.771069,55.026199,BUENO
2.6999328,4.511873,6.666655,5.829881,9.939256,54.087357,55.910557,BUENO
2.7099361,4.473566,6.799533,5.791574,9.989432,54.565628,56.65818,BUENO
2.719945,4.448427,6.872556,5.770026,10.015675,54.823322,57.086067,BUENO
2.7306218,4.446033,6.831854,5.760449,9.981193,54.751038,56.944736,BUENO
2.7399621,4.418499,6.727707,5.742493,9.887436,54.494099,56.704628,BUENO
2.7500951,4.414908,6.616376,5.711368,9.79222,54.320141,56.286015,BUENO
2.7601478,4.446033,6.575675,5.700594,9.772588,54.315254,55.936066,BUENO
2.7699378,4.473566,6.579266,5.656301,9.761827,54.589497,55.786293,BUENO
2.7799048,4.442441,6.600814,5.606023,9.733115,54.832115,56.058887,BUENO
2.7904909,4.309563,6.654684,5.536592,9.670108,55.071972,57.072964,BUENO
2.8000019,4.274847,6.701371,5.547365,9.693088,55.089153,57.465939,BUENO
2.810169,4.285621,6.72651,5.589264,9.739218,54.97789,57.497807,BUENO
2.8199959,4.371812,6.703765,5.646725,9.79483,54.795216,56.889908,BUENO
2.8300748,4.453215,6.634333,5.707777,9.819584,54.460457,56.128994,BUENO
2.8399558,4.507085,6.557718,5.70658,9.791963,54.353546,55.499466,BUENO
2.8502021,4.5418,6.524199,5.667076,9.762627,54.515213,55.156418,BUENO
2.8600559,4.614824,6.555324,5.626374,9.794128,54.937897,54.855179,BUENO
2.8699739,4.68665,6.630742,5.614403,9.871825,55.338291,54.747089,BUENO
2.87994,4.786009,6.768408,5.60722,10.007905,55.924896,54.735485,BUENO
2.890111,4.866215,6.915652,5.622783,10.154899,56.378674,54.867775,BUENO
2.8999529,4.93445,7.00304,5.711368,10.296168,56.309387,54.830887,BUENO
2.9099729,4.930859,7.013814,5.801151,10.351827,55.916622,54.891975,BUENO
2.9211159,4.85185,6.940791,5.841852,10.287967,55.400715,55.045139,BUENO
2.9300549,4.73214,6.856994,5.82629,10.166472,55.034111,55.389717,BUENO
2.939959,4.617218,6.786365,5.803545,10.05259,54.73785,55.769924,BUENO
2.9503269,4.556166,6.750452,5.754464,9.972015,54.75589,55.982918,BUENO
2.9600198,4.563348,6.752846,5.749675,9.974158,54.798256,55.950481,BUENO
2.970041,4.608838,6.786365,5.756858,10.021853,54.940243,55.818314,BUENO
2.980248,4.671088,6.833052,5.776011,10.093164,55.091354,55.64341,BUENO
2.9901681,4.708198,6.817489,5.827487,10.129407,54.879086,55.370815,BUENO
3.0001369,4.667496,6.720524,5.847837,10.057244,54.447041,55.21949,BUENO
3.010042,4.582502,6.600814,5.805939,9.913576,54.150696,55.230347,BUENO
3.0200498,4.461595,6.459556,5.722142,9.714659,53.912403,55.367283,BUENO
3.0300839,4.370615,6.388927,5.610812,9.560433,54.064201,55.624275,BUENO
3.0399129,4.301183,6.375759,5.515044,9.463942,54.356312,55.995804,BUENO
3.050216,4.291606,6.409278,5.444415,9.441313,54.784126,56.194019,BUENO
3.0600219,4.34787,6.477513,5.476737,9.531882,54.930454,56.12949,BUENO
3.0704608,4.398149,6.539762,5.538986,9.63289,54.89983,56.078213,BUENO
3.080826,4.43047,6.6068,5.58687,9.720698,54.918606,56.154491,BUENO
3.0903418,4.420894,6.679823,5.604826,9.776422,55.019306,56.502293,BUENO
3.1004589,4.389769,6.746861,5.628768,9.822079,55.035206,56.950413,BUENO
3.1098428,4.388572,6.82946,5.662287,9.897605,55.104137,57.275433,BUENO
3.1198578,4.434062,6.848614,5.700594,9.952949,55.057484,57.079395,BUENO
3.1299,4.481946,6.787562,5.738902,9.954588,54.794678,56.562523,BUENO
3.1399548,4.538209,6.687006,5.747281,9.916785,54.581047,55.836796,BUENO
3.149972,4.584896,6.6068,5.753267,9.88793,54.419415,55.240658,BUENO
3.1600518,4.623203,6.585252,5.773617,9.903242,54.337982,54.92907,BUENO
3.1699991,4.607641,6.629545,5.773617,9.925516,54.430191,55.200073,BUENO
3.179914,4.562151,6.691794,5.729325,9.920609,54.723877,55.715668,BUENO
3.1901388,4.514267,6.789956,5.692214,9.944015,55.080414,56.382259,BUENO
3.1999209,4.52145,6.839037,5.683835,9.976067,55.26741,56.530361,BUENO
3.2098958,4.564546,6.812701,5.68982,9.981083,55.24556,56.177704,BUENO
3.2204919,4.63278,6.713342,5.740098,9.973983,54.864841,55.391003,BUENO
3.231055,4.659117,6.574478,5.76404,9.907335,54.423092,54.676048,BUENO
3.2399769,4.648343,6.458359,5.731719,9.806635,54.234188,54.255905,BUENO
3.2499399,4.616021,6.435614,5.685032,9.74907,54.328598,54.349567,BUENO
3.2601228,4.569334,6.463148,5.66109,9.731343,54.427139,54.740349,BUENO
3.2703738,4.526238,6.525397,5.62398,9.731227,54.694836,55.253502,BUENO
3.280165,4.495114,6.574478,5.595249,9.733274,54.91032,55.638733,BUENO
3.2899148,4.483143,6.580463,5.583278,9.72492,54.961922,55.73415,BUENO
3.3001018,4.510676,6.564901,5.601235,9.737452,54.884544,55.507442,BUENO
3.3109679,4.507085,6.545747,5.723339,9.793735,54.240246,55.450581,BUENO
3.3198969,4.507085,6.523003,5.723339,9.778547,54.176136,55.357368,BUENO
3.3299069,4.474763,6.497863,5.650316,9.704216,54.390785,55.446701,BUENO
3.3407159,4.531027,6.485892,5.584476,9.684181,54.784065,55.061954,BUENO
3.350049,4.625597,6.476315,5.491102,9.669075,55.39584,54.464329,BUENO
3.3611031,4.754885,6.453571,5.410896,9.671365,55.980434,53.617821,BUENO
3.3710918,4.891354,6.370971,5.303157,9.624868,56.565395,52.484516,BUENO
3.380127,5.048174,6.256049,5.172673,9.559224,57.240192,51.099007,BUENO
3.3902409,5.169082,6.150704,5.085284,9.508453,57.668488,49.956146,BUENO
3.4002848,5.272032,6.178237,5.015852,9.545875,58.301651,49.525112,BUENO
3.410635,5.336676,6.366182,4.985925,9.688541,59.027885,50.027397,BUENO
3.4201357,5.38456,6.663064,4.983531,9.910877,59.812294,51.057606,BUENO
3.430042,5.3678,7.025785,5.00029,10.157649,60.510208,52.619656,BUENO
3.440088,5.324705,7.264008,5.007473,10.305002,60.926811,53.757626,BUENO
3.4504261,5.374983,7.322666,5.021838,10.379341,61.064144,53.720585,BUENO
3.4601159,5.4504,7.107188,5.043386,10.278849,60.616245,52.515919,BUENO
3.471468,5.488708,6.720524,5.046977,10.038095,59.815746,50.761204,BUENO
3.4801438,5.489904,6.332664,5.040992,9.78025,58.974087,49.07737,BUENO
3.490283,5.406107,6.062119,5.038598,9.558386,58.187653,48.273891,BUENO
3.5004449,5.26485,5.947197,5.001487,9.386302,57.801807,48.482635,BUENO
3.5100899,5.170279,6.013038,4.96318,9.355296,57.959343,49.309586,BUENO
3.5199919,5.087678,6.244078,4.908113,9.431996,58.643028,50.826832,BUENO
3.530571,5.013458,6.566098,4.844667,9.577015,59.611279,52.636932,BUENO
3.5403709,5.003881,6.856994,4.800375,9.751963,60.51162,53.879955,BUENO
3.5501339,5.026627,7.03177,4.820725,9.897079,60.850792,54.441105,BUENO
3.559994,5.009867,7.030573,4.936844,9.944856,60.236446,54.526974,BUENO
3.5702789,4.97156,6.87495,5.066131,9.881651,59.157452,54.127758,BUENO
3.5814409,4.950012,6.688202,5.194221,9.808904,58.025528,53.49445,BUENO
3.5898659,4.981137,6.517017,5.281609,9.755954,57.222855,52.608318,BUENO
3.5999978,5.019444,6.376956,5.298368,9.691909,56.860485,51.792931,BUENO
3.6098371,5.06254,6.294356,5.275623,9.64782,56.850857,51.190342,BUENO
3.6201558,5.123591,6.30513,5.075707,9.579597,58.004974,50.902454,BUENO
3.6299279,5.099649,6.379351,5.274426,9.722248,57.145264,51.361179,BUENO
3.639797,5.100847,6.501455,5.250484,9.790564,57.569233,51.883331,BUENO
3.6498539,5.070919,6.588843,5.284003,9.851282,57.562641,52.417324,BUENO
3.65979,5.018247,6.609194,5.317522,9.855977,57.348854,52.791225,BUENO
3.6716108,4.958392,6.588843,5.372589,9.84191,56.914577,53.036945,BUENO
3.6807878,4.941632,6.574478,5.468357,9.876558,56.380825,53.070057,BUENO
3.6901329,4.920084,6.63553,5.600038,9.979876,55.86581,53.443962,BUENO
3.700784,4.906917,6.740875,5.649119,10.071235,55.880814,53.947826,BUENO
3.710634,4.999093,6.831854,5.656301,10.181302,56.250858,53.805836,BUENO
3.720567,5.039794,6.836643,5.657499,10.205219,56.332455,53.603333,BUENO
3.7299829,5.018247,6.745663,5.638345,10.123127,56.153034,53.35363,BUENO
3.7405109,4.944026,6.58166,5.565322,9.936522,55.938145,53.086773,BUENO
3.7502339,4.833893,6.428432,5.465962,9.724608,55.80056,53.058472,BUENO
3.7606099,4.703409,6.285976,5.284003,9.463416,56.057472,53.194752,BUENO
3.7718959,4.570531,6.199785,5.319916,9.361014,55.367847,53.602066,BUENO
3.7803378,4.460398,6.197391,5.185841,9.230155,55.817078,54.256611,BUENO
3.7899671,4.404134,6.264429,5.099649,9.200319,56.338142,54.891312,BUENO
3.800204,4.335899,6.341043,5.035006,9.184777,56.75705,55.63633,BUENO
3.810039,4.258088,6.337452,5.001487,9.127402,56.77256,56.103134,BUENO
3.8199899,4.198233,6.274005,4.985925,9.046975,56.55645,56.211655,BUENO
3.8301978,4.165911,6.241684,4.989516,9.011587,56.380302,56.279514,BUENO
3.840836,4.361038,6.47871,4.997896,9.272071,57.382576,56.054173,BUENO
3.850862,4.490325,6.563704,5.079299,9.43634,57.434052,55.623402,BUENO
3.859973,4.490325,6.563704,5.137957,9.468042,57.134892,55.623402,BUENO
3.87024,4.635174,6.469133,5.193024,9.502737,56.874374,54.378166,BUENO
3.8801138,4.598064,6.338649,5.203797,9.402137,56.394627,54.042816,BUENO
3.8900888,4.583699,6.238092,5.199009,9.324902,56.114132,53.69186,BUENO
3.9002619,4.61243,6.187814,5.176264,9.292861,56.150375,53.298958,BUENO
3.9109249,4.663905,6.160281,5.187038,9.306258,56.125824,52.870895,BUENO
3.9200339,4.362236,6.042965,5.061342,9.00909,55.819355,54.17561,BUENO
3.929976,4.134786,6.05733,4.938041,8.841491,56.04734,55.682217,BUENO
3.9408569,4.041412,6.171055,4.783615,8.791923,57.037361,56.779285,BUENO
3.9505699,4.054581,6.385336,4.693832,8.901921,58.177933,57.58514,BUENO
3.961473,4.045004,6.550536,4.707001,9.023715,58.558643,58.304367,BUENO
3.9700768,3.891775,6.532579,4.763264,8.972692,57.936264,59.215691,BUENO
3.9801149,3.697845,6.40449,4.857835,8.848169,56.700092,59.998585,BUENO
3.9907219,3.473987,6.241684,4.829105,8.622498,55.940144,60.900631,BUENO
4.0007358,3.238158,6.124368,4.766856,8.409308,55.468819,62.133095,BUENO
4.0103259,3.075352,6.151901,4.556166,8.24999,56.477585,63.439407,BUENO
4.0199656,3.18788,6.451177,4.292804,8.379046,59.181107,63.703503,BUENO
4.0300679,3.350685,6.897695,4.15394,8.721267,61.555973,64.090965,BUENO
4.0400262,3.30759,7.207744,4.252102,8.99845,61.800884,65.349899,BUENO
4.0508018,3.204639,7.229292,4.36463,9.032296,61.103767,66.092995,BUENO
4.0601377,3.104083,7.029376,4.292804,8.802024,60.810055,66.174362,BUENO
4.0700479,2.970007,6.764817,4.167108,8.482244,60.575634,66.29673,BUENO
4.0800657,2.82037,6.512228,4.046201,8.16917,60.310379,66.58313,BUENO
4.0911527,2.610877,6.368577,3.921702,7.921817,60.326897,67.708214,BUENO
4.1007247,2.4361,6.448782,3.785233,7.864437,61.229,69.305374,BUENO
4.1101117,2.312799,6.798336,3.683479,8.07059,62.844456,71.211655,BUENO
4.1204839,2.365471,7.430405,3.535039,8.56171,65.613533,72.34111,BUENO
4.130168,2.543839,8.086416,3.351882,9.115721,68.425941,72.537376,BUENO
4.140202,2.670732,8.560468,3.209427,9.524434,70.307762,72.672897,BUENO
4.1500649,2.686294,8.674192,3.117251,9.600783,71.053383,72.79287,BUENO
4.1601028,2.553416,8.374918,2.995146,9.253653,71.114876,73.044136,BUENO
4.1699028,2.384625,7.830236,2.752135,8.635583,71.415855,73.062378,BUENO
4.1807208,2.229002,7.211336,2.584541,7.978199,71.098,72.823784,BUENO
4.1905322,2.097321,6.698977,2.343924,7.400609,71.535301,72.615662,BUENO
4.1999831,1.974019,6.281188,2.13084,6.9203,72.066589,72.553383,BUENO
4.2099638,1.918953,5.996278,1.905785,6.577974,73.158676,72.254082,BUENO
4.2205396,1.917756,5.866991,1.634043,6.385097,75.172188,71.89888,BUENO
4.2300987,1.871069,5.931635,1.271321,6.348342,78.447815,72.492699,BUENO
4.2401047,1.679533,6.154295,0.888249,6.440898,82.073212,74.735451,BUENO
4.2500358,1.385046,6.567295,0.612916,6.739687,84.782242,78.090813,BUENO
4.259975,1.069011,7.107188,0.519542,7.205888,85.86541,81.446114,BUENO
4.270452,0.890643,7.82066,0.240617,7.874887,88.249054,83.502953,BUENO
4.2809377,0.940921,8.676587,0.040701,8.727551,89.732796,83.810822,BUENO
4.2905717,1.063026,9.520543,-0.047884,9.579825,90.286392,83.628975,BUENO
4.3003731,1.243788,10.023325,-0.049081,10.10032,90.278419,82.926361,BUENO
4.3100519,1.331176,9.847352,0.098162,9.937405,89.434021,82.301361,BUENO
4.320261,1.373075,9.093178,0.308852,9.201446,88.076469,81.413177,BUENO
4.3300371,1.340753,8.244433,0.56144,8.37159,86.154572,80.763123,BUENO
4.34056,1.144428,7.826645,0.665588,7.937827,85.190094,81.681046,BUENO
4.3505697,0.870292,7.906851,0.779313,7.992686,84.404587,83.718842,BUENO
4.3600039,0.69791,8.413225,0.750582,8.475424,84.919235,85.25795,BUENO
4.3709626,0.591368,9.178172,0.299275,9.202072,88.136261,86.313416,BUENO
4.380116,0.646434,9.844957,0.299275,9.870696,88.26255,86.243263,BUENO
4.3907919,0.648829,9.876082,0.282516,9.901404,88.36496,86.241241,BUENO
4.4006419,0.612916,9.618706,0.287304,9.642495,88.292587,86.353973,BUENO
4.4107027,0.629675,9.520543,0.178368,9.543011,88.929024,86.216049,BUENO
4.4203019,0.573411,9.57561,0.243011,9.59584,88.548851,86.573082,BUENO
4.4300528,0.59855,9.698911,0.1652,9.718766,89.026039,86.468575,BUENO
4.4411139,0.654814,9.822212,-0.057461,9.844183,90.334442,86.185928,BUENO
4.4501486,0.499191,9.701305,-0.192733,9.716052,91.136627,87.054382,BUENO
4.4604268,0.243011,9.40203,-0.243011,9.408309,91.48008,88.519424,BUENO
4.4705238,0.021548,8.978256,-0.125696,8.979162,90.802086,89.862488,BUENO
4.4799781,-0.191536,8.615535,-0.023942,8.617697,90.15918,91.27356,BUENO
4.4900866,-0.332794,8.524555,-0.007183,8.531052,90.048241,92.235664,BUENO
4.5003729,-0.393846,8.765172,0.055067,8.774188,89.640411,92.572746,DECENTE
4.5109158,-0.300472,9.150639,0.150835,9.156813,89.05616,91.880699,DECENTE
4.5202971,0.020351,9.520543,0.132878,9.521492,89.200378,89.877525,DECENTE
4.5310426,0.381875,9.697714,0.130484,9.706107,89.229721,87.74498,DECENTE
4.5407209,0.517148,9.630676,0.288501,9.648866,88.286598,86.926285,DECENTE
4.5510073,0.664391,9.339781,0.339977,9.369552,87.920547,85.931084,DECENTE
4.5601931,0.695516,8.993818,0.341174,9.027121,87.83403,85.577965,DECENTE
4.5708232,0.645237,8.801085,0.269348,8.828815,88.251762,85.806953,DECENTE
4.580658,0.64404,8.84059,0.094571,8.864522,89.388733,85.833344,DECENTE
4.5904078,0.6608,9.052477,-0.004788,9.076564,90.030228,85.825012,DECENTE
4.60215,0.757765,9.379285,0.009577,9.40985,89.941689,85.381027,DECENTE
4.6102147,0.968455,9.606734,-0.001197,9.655426,90.007103,84.243462,DECENTE
4.6200213,0.944513,9.390059,0.004788,9.437444,89.970932,84.256142,DECENTE
4.6302071,0.910994,9.312247,0.40462,9.365446,87.523849,84.412674,DECENTE
4.6412473,1.088165,9.831789,0.339977,9.897665,88.031548,83.684311,DECENTE
4.6505327,1.072602,10.152613,0.469264,10.219893,87.36824,83.969193,DECENTE
4.6601691,0.885855,10.45069,0.469264,10.49866,87.438171,85.154892,DECENTE
4.6708426,0.691924,10.748769,0.32202,10.775829,88.287544,86.316811,DECENTE
4.6807795,0.567426,10.996569,0.172383,11.012548,89.103096,87.046143,DECENTE
4.6907425,0.543484,11.048044,-0.064643,11.061593,90.334839,87.183731,DECENTE
4.7002358,0.70629,11.097125,-0.295684,11.123509,91.523209,86.358253,DECENTE
4.7106442,1.059434,11.311406,-0.033519,11.360961,90.169044,84.649246,DECENTE
4.7200618,1.35033,11.481394,0.563834,11.574269,87.207764,83.292244,DECENTE
4.7300801,1.63524,11.374852,1.161188,11.550309,84.230133,81.819252,DECENTE
4.7402048,1.662773,10.775105,1.543063,11.0113,81.944374,81.227531,DECENTE
4.7500057,1.351527,10.019734,1.780089,10.265984,80.014626,82.31794,DECENTE
4.7602906,0.916979,9.709685,1.778892,9.913794,79.663086,84.605011,DECENTE
4.7705736,0.672771,10.02572,1.796848,10.207661,79.861435,86.16095,DECENTE
4.7802668,0.820014,10.80623,1.714248,10.97204,81.011406,85.660515,DECENTE
4.7901149,1.279701,11.639412,1.764527,11.841752,81.430504,83.725784,DECENTE
4.8005309,1.728614,12.211626,1.757344,12.457936,81.890686,81.943039,DECENTE
4.8102126,1.778892,12.403162,1.887828,12.671494,81.432045,81.838158,DECENTE
4.8199806,1.51553,12.252327,2.112883,12.5252,80.288307,82.948715,DECENTE
4.8302655,1.143231,12.039244,1.98599,12.255387,80.674072,84.575531,DECENTE
4.8408589,0.567426,11.876437,1.821988,12.028772,81.287926,87.264633,DECENTE
4.8500166,-0.217872,11.822568,1.638831,11.937602,82.109337,91.055756,DECENTE
4.8611732,-0.920571,11.889606,1.594538,12.031322,82.384056,94.427376,DECENTE
4.8700137,-1.216254,12.047623,1.691504,12.226434,82.047729,95.764702,DECENTE
4.8799229,-0.993594,12.225991,1.382651,12.343979,83.568794,94.646156,DECENTE
4.8909459,-0.764947,12.338518,1.240196,12.424261,84.271164,93.547607,DECENTE
4.9006319,-0.618901,12.423512,1.240196,12.500591,84.306259,92.851944,DECENTE
4.9101419,-0.343568,12.504915,1.605312,12.612215,82.687424,91.573784,DECENTE
4.9200282,0.092177,12.570756,1.831564,12.70382,81.710533,89.57988,DECENTE
4.9303889,0.77213,12.686874,2.117671,12.885554,80.540833,86.517242,DECENTE
4.9399858,0.77213,12.723985,1.99437,12.90246,81.107979,86.527374,DECENTE
4.9505811,0.80924,12.583924,1.527501,12.702097,83.093132,86.320518,DECENTE
4.9611917,0.551863,12.575544,1.08577,12.634388,85.070053,87.487251,DECENTE
4.9703145,0.243011,12.585121,0.951695,12.623393,85.676292,88.893791,DECENTE
4.9799719,-0.134075,12.661736,0.774524,12.68611,86.499748,90.606682,DECENTE
4.9901357,-0.636858,12.868834,0.608127,12.898927,87.29776,92.83316,DECENTE
5.0000248,-1.291672,13.433866,0.774524,13.518026,86.715401,95.492126,DECENTE
5.010067,-1.636437,13.850457,0.870292,13.973923,86.429321,96.738281,DECENTE
5.0212541,-1.752556,14.086286,1.431733,14.266912,84.240479,97.092056,DECENTE
5.0300398,-1.271321,14.160506,2.269703,14.397491,80.929726,95.130226,DECENTE
5.0400028,-0.870292,14.60463,2.4361,14.831966,80.546532,93.410233,DECENTE
5.0501709,-0.899023,15.309723,2.40737,15.523894,81.07885,93.36068,DECENTE
5.0603676,-1.070208,15.878345,2.607286,16.126535,80.695763,93.855934,DECENTE
5.0704427,-1.066617,16.129736,3.037045,16.447786,79.359413,93.78331,DECENTE
5.0801258,-0.879869,16.23987,3.585317,16.65419,77.568031,93.101227,DECENTE
5.0907569,-0.596156,16.205154,4.04261,16.712423,76.00174,92.10685,DECENTE
5.0999761,-0.410606,16.187199,3.994725,16.677885,76.141655,91.453056,DECENTE
5.111084,-0.490811,16.224308,3.587711,16.623501,77.536263,91.732758,DECENTE
5.1200509,-0.909797,16.209942,3.157952,16.539728,78.992859,93.212402,DECENTE
5.1300111,-1.556231,16.061502,2.841918,16.385061,80.01178,95.534225,DECENTE
5.1401639,-2.209848,15.710752,2.627636,16.08153,80.596008,98.006599,DECENTE
5.1504416,-2.711433,15.279796,2.286463,15.686043,81.618469,100.062515,DECENTE
5.1601949,-3.076549,14.921862,2.026692,15.369925,82.422859,101.649841,DECENTE
5.1704159,-3.320758,14.713567,2.014721,15.217607,82.392044,102.718201,DECENTE
5.1806307,-3.435679,14.653711,2.110489,15.198333,82.017929,103.195114,DECENTE
5.1919918,-3.385401,14.596251,2.194286,15.143526,81.668556,103.05809,DECENTE
5.200223,-3.201048,14.464569,2.313996,14.994167,81.122269,102.478592,DECENTE
5.2102008,-2.992752,14.226347,2.260126,14.712365,81.163177,101.879913,DECENTE
5.2201304,-2.881422,13.89475,2.179921,14.356835,81.26651,101.715645,DECENTE
5.2300558,-2.926912,13.548787,1.796848,13.977307,82.613922,102.19014,DECENTE
5.240169,-3.056198,13.263878,1.347936,13.678001,84.344452,102.975357,DECENTE
5.2501979,-3.110068,13.123816,0.885855,13.516354,86.242172,103.331955,DECENTE
5.2600069,-3.002329,13.178884,0.433351,13.523488,88.163681,102.833733,DECENTE
5.270133,-2.773683,13.336901,0.216675,13.623993,89.08873,101.748367,DECENTE
5.2799587,-2.571373,13.464991,0.226252,13.710183,89.054436,100.811447,DECENTE
5.2907257,-2.579752,13.453019,0.328006,13.70206,88.628296,100.85527,DECENTE
5.3011518,-2.782062,13.189657,0.448913,13.487344,88.092613,101.910667,DECENTE
5.3102679,-3.129222,12.666524,0.4956,13.056741,87.824677,103.876869,DECENTE
5.319983,-3.50152,12.016499,0.403423,12.522764,88.153885,106.245735,DECENTE
5.3300509,-3.836708,11.416751,0.217872,12.046162,88.963669,108.575417,DECENTE
5.3399677,-4.015076,10.894814,-0.026336,11.611137,90.129959,110.2304,DECENTE
5.3500576,-4.080917,10.553641,-0.377087,11.321459,91.908722,111.140656,DECENTE
5.3601627,-4.080917,10.377667,-0.758962,11.177026,93.893593,111.466751,DECENTE
5.3710394,-4.109647,10.372879,-0.869095,11.191119,94.454041,111.613052,DECENTE
5.3808546,-4.188656,10.503363,-1.009156,11.352703,95.099823,111.741714,DECENTE
5.390039,-4.297592,10.705673,-1.051055,11.583845,95.205864,111.87207,DECENTE
5.4000545,-4.307169,10.791864,-1.137246,11.675161,95.58989,111.757561,DECENTE
5.4110179,-4.24492,10.712855,-1.286883,11.594855,96.372238,111.615723,DECENTE
5.4199605,-4.230555,10.516531,-1.493982,11.433591,97.50808,111.913773,DECENTE
5.4299898,-4.230555,10.289082,-1.602918,11.239757,98.19899,112.35096,DECENTE
5.4399872,-4.203021,10.035296,-1.582567,10.994411,98.27607,112.725098,DECENTE
5.4507027,-3.974375,9.604341,-1.206678,10.463989,96.621918,112.480278,DECENTE
5.4602461,-3.974375,9.604341,-1.206678,10.463989,96.621918,112.480278,DECENTE
5.470335,-4.159925,8.968679,-0.861913,9.923965,94.982506,114.883194,DECENTE
5.4806428,-4.424485,8.584411,-0.919373,9.701207,95.438026,117.266998,DECENTE
5.4900708,-4.788404,8.268375,-1.021127,9.609242,96.10006,120.076103,DECENTE
5.4999785,-5.0374,8.009802,-1.174356,9.534749,97.074852,122.16597,DECENTE
5.5099182,-5.025429,7.781156,-1.401805,9.368371,98.605583,122.856239,DECENTE
5.5200386,-4.817134,7.578846,-1.641225,9.128926,100.357117,122.440147,DECENTE
5.5306697,-4.551377,7.395689,-1.756147,8.859757,101.432663,121.608536,DECENTE
5.5400286,-4.31914,7.111976,-1.729811,8.498672,101.74398,121.270523,DECENTE
5.5521207,-4.02585,6.845023,-1.742979,8.130177,102.379387,120.461601,DECENTE
5.5611076,-3.727772,6.631939,-1.812411,7.820724,103.399803,119.340073,DECENTE
5.5700598,-3.554192,6.578069,-2.070984,7.758367,105.482002,118.382767,DECENTE
5.5802331,-3.660734,6.617573,-2.275689,7.897595,106.747208,118.950661,DECENTE
5.5911679,-3.819949,6.697779,-2.67552,8.161535,109.136559,119.697441,DECENTE
5.599967,-4.029441,6.737284,-2.691083,8.298754,108.921692,120.882843,DECENTE
5.6101456,-4.146757,6.622362,-2.853889,8.318411,110.064697,122.053764,DECENTE
5.6197987,-4.285621,6.372168,-2.784456,8.168492,109.930351,123.922928,DECENTE
5.6298575,-4.340688,6.100426,-2.875436,8.020281,111.009369,125.433319,DECENTE
5.6399188,-4.314352,5.819107,-2.908955,7.806258,111.878777,126.553658,DECENTE
5.6498828,-4.259285,5.66109,-2.785654,7.612444,111.465088,126.957031,DECENTE
5.6600609,-4.246117,5.518635,-2.433706,7.376162,109.265259,127.575195,DECENTE
5.6701751,-4.206613,5.462371,-2.297236,7.267075,108.428177,127.600136,DECENTE
5.679997,-4.072537,5.482722,-2.281674,7.200822,108.47332,126.604767,DECENTE
5.6902575,-3.958812,5.579687,-2.328361,7.226781,108.79512,125.355865,DECENTE
5.700191,-3.916914,5.724536,-2.428918,7.349298,109.29892,124.381203,DECENTE
5.7106609,-3.916914,5.89213,-2.501941,7.504607,109.474503,123.614784,DECENTE
5.7203779,-3.800795,6.099229,-2.487576,7.604911,109.092926,121.929512,DECENTE
5.7302618,-3.665523,6.30513,-2.334347,7.65767,107.748405,120.171822,DECENTE
5.7401819,-3.519476,6.490681,-2.1057,7.677866,105.917679,118.468117,DECENTE
5.7499499,-3.459621,6.6068,-1.832761,7.6797,103.806885,117.638603,DECENTE
5.7610512,-3.392584,6.652289,-1.520318,7.620626,101.507744,117.021011,DECENTE
5.770225,-3.287239,6.630742,-1.192312,7.496284,99.151978,116.370255,DECENTE
5.7801785,-3.123236,6.600814,-0.88346,7.355668,96.898224,115.321602,DECENTE
5.7901344,-2.912546,6.567295,-0.636858,7.212342,95.06588,113.916931,DECENTE
5.8002477,-2.711433,6.562507,-0.387861,7.111175,93.126602,112.448967,DECENTE
5.8115072,-2.561796,6.599617,-0.19393,7.082044,91.569145,111.21489,DECENTE
5.8200035,-2.410961,6.676231,0.023942,7.098266,89.806747,109.855972,DECENTE
5.8301458,-2.278083,6.78397,0.31364,7.16312,87.490479,108.562248,DECENTE
5.8402915,-2.142811,6.898892,0.635661,7.251925,84.971336,107.254906,DECENTE
5.8499146,-2.030283,6.968324,0.910994,7.315019,82.845955,106.24395,DECENTE
5.8602629,-1.905785,6.96593,1.167173,7.315633,80.819504,105.300934,DECENTE
5.8700328,-1.703475,6.845023,1.358709,7.183471,79.097176,103.97493,DECENTE
5.8799729,-1.464054,6.594829,1.482011,6.916038,77.62635,102.516693,DECENTE
5.890049,-1.349133,6.31351,1.56102,6.642089,76.407234,102.062111,DECENTE
5.9000139,-1.381454,6.053739,1.614889,6.415921,75.421852,102.854698,DECENTE
5.9103045,-1.510741,5.839458,1.771709,6.286538,73.630791,104.505104,DECENTE
5.920167,-1.628057,5.702989,2.164358,6.313406,69.951256,105.932686,DECENTE
5.9302816,-1.56102,5.641936,2.504335,6.367097,66.838486,105.465782,DECENTE
5.940145,-1.373075,5.629965,2.70066,6.393387,65.012878,103.706116,DECENTE
5.9501228,-1.16837,5.708974,2.876633,6.498653,63.726871,101.566162,DECENTE
5.9605098,-0.962469,5.866991,3.087323,6.699216,62.558128,99.316284,DECENTE
5.972681,-0.469264,6.009446,3.308787,6.87617,61.236446,94.465034,DECENTE
5.9904575,-0.342371,6.361394,3.341109,7.193577,62.324902,93.080688,DECENTE
6.0000744,-0.251391,6.560112,3.432088,7.407935,62.399815,92.194565,DECENTE
6.0117655,-0.192733,7.030573,3.790021,7.989391,61.680901,91.57029,DECENTE
6.0212097,-0.110133,7.255628,3.979163,8.275868,61.261345,90.869629,DECENTE
6.0311818,-0.023942,7.337031,4.232949,8.470564,60.018219,90.186966,DECENTE
6.0401149,-0.092177,7.286753,4.509479,8.569753,58.250347,90.724747,DECENTE
6.0502472,-0.28491,7.177817,4.627992,8.545205,57.208103,92.273056,DECENTE
6.061502,-0.591368,7.16824,4.74052,8.614285,56.611782,94.716125,DECENTE
6.0700288,-0.78051,7.320271,4.675876,8.721203,57.578037,96.08606,DECENTE
6.080534,-0.840365,7.653066,4.503493,8.919477,59.674919,96.266403,DECENTE
6.0900016,-0.768539,8.072051,4.213795,9.138092,62.540329,95.438728,DECENTE
6.1008019,-0.65242,8.558074,3.985149,9.462964,65.093979,94.359482,DECENTE
6.109973,-0.482432,9.057265,3.878607,9.864603,66.847221,93.048958,DECENTE
6.1202168,-0.428562,9.526528,3.73256,10.240625,68.624069,92.575783,DECENTE
6.130116,-0.389058,9.842564,3.628413,10.497276,69.778351,92.263611,DECENTE
6.140161,-0.377087,9.947908,3.475184,10.544192,70.756546,92.170822,DECENTE
6.1501756,-0.326809,9.84376,3.402161,10.420227,70.943779,91.901497,DECENTE
6.1601057,-0.351948,9.580399,3.58412,10.234932,69.501366,92.103882,DECENTE
6.170054,-0.447716,9.308656,3.876213,10.093391,67.416176,92.753616,DECENTE
6.180161,-0.456095,9.138668,4.077325,10.017378,65.981903,92.857162,DECENTE
6.1907587,-0.374693,9.016563,4.180276,9.945528,65.145386,92.379616,DECENTE
6.2008748,-0.245406,8.974665,4.255693,9.93558,64.638466,91.566322,DECENTE
6.2118936,-0.067038,9.035717,4.420894,10.059472,63.929565,90.425079,DECENTE
6.220294,0.052672,9.107543,4.663905,10.232406,62.883739,89.66864,DECENTE
6.2300305,0.059855,9.169792,4.784812,10.343264,62.444878,89.626015,DECENTE
6.2400389,-0.016759,9.19134,4.847061,10.391103,62.195076,90.104469,DECENTE
6.2501225,-0.011971,9.241618,4.820725,10.423389,62.452026,90.074219,DECENTE
6.2608156,0.070629,9.276335,4.830302,10.458833,62.494133,89.563766,DECENTE
6.270741,0.215478,9.248801,4.791995,10.418732,62.616745,88.665367,DECENTE
6.2802377,0.360327,9.190144,4.730943,10.342649,62.779202,87.754692,DECENTE
6.2907381,0.506374,9.111135,4.606444,10.221962,63.21513,86.818916,DECENTE
6.3002501,0.656011,8.991425,4.399345,10.031466,63.988304,85.82711,DECENTE
6.3103428,0.723049,8.91481,4.144363,9.857605,65.13871,85.363091,DECENTE
6.3199821,0.685939,8.99741,4.04261,9.887699,65.867233,85.64035,DECENTE
6.3308191,0.629675,9.182961,4.02585,10.046429,66.376518,86.07737,DECENTE
6.3401737,0.585382,9.350554,3.954024,10.169064,67.118362,86.417732,DECENTE
6.3503041,0.422577,9.451111,3.885789,10.227484,67.67028,87.439903,DECENTE
6.3601289,0.288501,9.509769,3.872621,10.272105,67.851791,88.262329,DECENTE
6.3699031,0.104148,9.504981,3.938462,10.289169,67.494171,89.372223,DECENTE
6.3801699,-0.057461,9.391256,4.067749,10.234529,66.580925,90.350563,DECENTE
6.3900285,-0.184354,9.222465,4.217386,10.142692,65.429955,91.145164,DECENTE
6.3999777,-0.259771,9.075222,4.295198,10.043697,64.681419,91.639595,DECENTE
6.4100971,-0.25618,9.01417,4.254497,9.971039,64.742607,91.627892,DECENTE
6.4201956,-0.112527,9.012972,4.138378,9.918291,65.339096,90.715302,DECENTE
6.4300442,0.038307,9.136273,4.054581,9.995628,66.069054,89.759766,DECENTE
6.4400859,0.069432,9.301474,3.98036,10.117584,66.833145,89.572319,DECENTE
6.4502969,-0.02873,9.443929,3.924097,10.226786,67.436462,90.174309,DECENTE
6.4600706,-0.168791,9.516952,3.815161,10.254575,68.158226,91.016083,DECENTE
6.4703999,-0.418985,9.512163,3.667917,10.203451,68.931854,92.522095,DECENTE
6.4813657,-0.60693,9.477448,3.616442,10.162137,69.152977,93.664185,DECENTE
6.490221,-0.650026,9.417592,3.673903,10.129715,68.734772,93.948433,DECENTE
6.5002017,-0.535104,9.31943,3.73256,10.053364,68.205742,93.286209,DECENTE
6.5103254,-0.389058,9.239224,3.898957,10.035762,67.138405,92.411263,DECENTE
6.5199494,-0.248997,9.160215,4.089296,10.034635,65.950974,91.557053,DECENTE
6.5300288,-0.162806,9.121908,4.19105,10.039951,65.327103,91.022491,DECENTE
6.5407219,-0.092177,9.123106,4.086902,9.997116,65.870018,90.57888,DECENTE
6.5505648,-0.113725,9.294291,3.940856,10.095896,67.024193,90.701035,DECENTE
6.5600185,-0.107739,9.374496,3.806781,10.118516,67.900307,90.658463,MALO
6.5703449,-0.055067,9.42238,3.748123,10.140646,68.308197,90.334846,MALO
6.5818038,-0.05387,9.400833,3.746926,10.120178,68.269394,90.328316,MALO
6.5900769,-0.079009,9.315839,3.816358,10.067555,67.72361,90.485924,MALO
6.599988,-0.09098,9.210494,3.90614,10.00497,67.019363,90.565941,MALO
6.6099768,-0.061052,9.144653,4.019865,9.989381,66.270836,90.382515,MALO
6.6200886,-0.019154,9.091981,4.104859,9.975688,65.701767,90.120705,MALO
6.6303673,0.035913,9.078813,4.106056,9.964227,65.664452,89.773354,MALO
6.6400557,0.046687,9.07163,4.133589,9.969113,65.50338,89.705132,MALO
6.6501017,-0.014365,9.045294,4.152743,9.953031,65.33992,90.090996,MALO
6.660059,-0.148441,9.022549,4.143166,9.929463,65.338295,90.942558,MALO
6.6699548,-0.238223,9.022549,4.088099,9.908364,65.632317,91.512436,MALO
6.6803079,-0.300472,9.083601,3.991134,9.926291,66.291908,91.894569,MALO
6.6909566,-0.347159,9.143456,3.847482,9.926048,67.19384,92.174362,MALO
6.6999855,-0.37589,9.17099,3.748123,9.914473,67.787323,92.347061,MALO
6.7103076,-0.408211,9.214086,3.685874,9.932355,68.216675,92.536713,MALO
6.7203722,-0.445322,9.216479,3.701436,9.941953,68.142174,92.766266,MALO
6.7307172,-0.465672,9.184157,3.748123,9.930459,67.824989,92.902634,MALO
6.7407475,-0.514753,9.14585,3.782839,9.910671,67.561378,93.221367,MALO
6.7502351,-0.501585,9.090784,3.796007,9.86426,67.367172,93.158104,MALO
6.759964,-0.317232,9.076419,4.242526,10.024023,64.960953,92.00174,MALO
6.7699718,-0.250194,8.969876,3.819949,9.752604,66.940613,91.597717,MALO
6.7801061,-0.252588,8.941146,3.423708,9.577561,69.054985,91.618179,MALO
6.790854,-0.354342,9.006987,3.627216,9.716381,68.080147,92.252899,MALO
6.8002939,-0.557849,9.066842,3.655946,9.792077,68.077164,93.52076,MALO
6.8109355,-0.756568,9.03452,3.476381,9.709798,69.020851,94.786888,MALO
6.8199668,-0.839168,9.035717,3.44765,9.707455,69.19706,95.305969,MALO
6.830122,-0.799663,9.107543,3.38181,9.747997,69.700737,95.017838,MALO
6.8407102,-0.826,9.153033,3.314772,9.76975,70.166412,95.156593,MALO
6.8501716,-0.925359,9.127894,3.294421,9.748229,70.247925,95.788696,MALO
6.8611169,-1.01993,9.093178,3.351882,9.744806,69.88131,96.399796,MALO
6.8704219,-0.990002,9.077616,3.533842,9.791387,68.843704,96.224068,MALO
6.8800931,-0.88346,9.101558,3.672705,9.85432,68.117767,95.544159,MALO
6.8901095,-0.727837,9.181764,3.742137,9.941736,67.88871,94.532349,MALO
6.9000769,-0.621295,9.321824,3.76967,10.074365,68.026085,93.813095,MALO
6.910665,-0.23104,9.503783,3.763685,10.22451,68.401253,91.392609,MALO
6.9211488,0.905008,10.546458,3.845088,11.26195,70.036407,85.095375,MALO
6.930057,0.483629,10.505757,3.94325,11.231833,69.446732,87.364273,MALO
6.9404469,-0.420182,9.860519,3.817555,10.582066,68.853302,92.440048,MALO
6.9501376,-1.159991,9.249998,3.720589,10.037472,68.243057,97.147827,MALO
6.9602947,-1.50715,8.866926,3.693056,9.722785,67.676521,99.646614,MALO
6.9701109,-1.374272,8.643068,3.678691,9.493367,67.200897,99.034554,MALO
6.9804568,-1.04866,8.662222,3.848679,9.536567,66.19841,96.902718,MALO
6.9902139,-0.723049,8.880095,3.973178,9.755256,65.965546,94.654961,MALO
7.0000267,-0.639252,9.124303,3.895366,9.941601,66.931908,94.007614,MALO
7.0100656,-0.684742,9.301474,3.76967,10.059657,67.992279,94.21032,MALO
7.0208459,-0.548272,9.343372,3.766079,10.088735,68.080994,93.358284,MALO
7.0308447,-0.325611,9.209297,3.89776,10.005485,67.072731,92.024956,MALO
7.0409126,-0.289698,9.030929,4.033033,9.894794,65.946381,91.837334,MALO
7.0520916,-0.616507,8.827422,3.992331,9.707841,65.716736,93.995049,MALO
7.0652242,-0.732626,8.844181,3.775656,9.644265,66.952614,94.735397,MALO
7.0802894,-0.845153,8.832211,3.739743,9.628494,67.144791,95.465981,MALO
7.0899596,-0.845153,8.832211,3.739743,9.628494,67.144791,95.465981,MALO
7.1000109,-0.647632,8.859743,3.828329,9.673188,66.68618,94.180786,MALO
7.1100359,-0.568623,8.921992,3.896563,9.752357,66.44989,93.646683,MALO
7.12005,-0.526724,8.950723,3.87741,9.768683,66.614075,93.367805,MALO
7.130312,-0.53271,8.929175,3.764882,9.705066,67.174263,93.414192,MALO
7.1399646,-0.629675,8.943541,3.954024,9.798863,66.201668,94.027298,MALO
7.1507177,-0.766145,8.981848,3.904943,9.823907,66.5784,94.875481,MALO
7.1599851,-0.816423,8.913613,3.829526,9.735723,66.837029,95.233276,MALO
7.170136,-0.788889,8.820239,3.824737,9.646117,66.640106,95.110985,MALO
7.1824994,-0.676362,8.784326,3.879804,9.626771,66.232742,94.402885,MALO
7.1958075,-0.316035,8.932767,3.956418,9.774837,66.124199,92.026237,MALO
7.2106009,-0.081403,9.052477,3.954024,9.878677,66.405663,90.515205,MALO
7.2201285,-0.034716,9.241618,3.922899,10.039813,66.999802,90.215233,MALO
7.2304091,0.061052,9.215282,3.937265,10.021338,66.865677,89.620415,MALO
7.2400646,-0.089783,9.068039,3.946841,9.890144,66.480064,90.567268,MALO
7.2501178,-0.426168,8.916007,3.835511,9.715345,66.747185,92.736542,MALO
7.260098,-0.818817,8.838196,3.849876,9.675005,66.551796,95.293076,MALO
7.270112,-0.932542,8.853758,3.746926,9.659095,67.175056,96.012634,MALO
7.2799597,-0.793678,8.950723,3.661932,9.703356,67.828011,95.067276,MALO
7.2903991,-0.559046,9.132683,3.70383,9.871007,67.961899,93.502922,MALO
7.3001294,-0.430956,9.235633,3.815161,10.001904,67.576881,92.671616,MALO
7.3099227,-0.241814,9.31105,3.927688,10.108456,67.135399,91.487679,MALO
7.3206491,-0.216675,9.248801,4.022259,10.087906,66.501762,91.342049,MALO
7.3302107,-0.35913,9.089587,4.060566,9.961816,65.945023,92.262581,MALO
7.3400946,-0.508768,8.955511,4.084508,9.856127,65.517639,93.251511,MALO
7.3500018,-0.530316,8.834604,4.086902,9.74855,65.213905,93.435181,MALO
7.3600039,-0.323217,8.728063,4.115633,9.655153,64.769379,92.120804,MALO
7.3703384,-0.373495,8.841787,4.264073,9.823391,64.273651,92.418854,MALO
7.3813977,-0.355539,8.844181,4.074931,9.744281,65.279823,92.302071,MALO
7.3901291,-0.407014,8.858546,4.101267,9.770358,65.180161,92.630661,MALO
7.400003,-0.608127,8.844181,4.132392,9.780901,65.007729,93.933472,MALO
7.4100928,-0.691924,8.816648,4.091691,9.744432,65.1717,94.487335,MALO
7.4206614,-0.505177,8.912416,4.070143,9.810832,65.489365,93.244186,MALO
7.4301972,-0.287304,8.937555,3.985149,9.789988,65.979485,91.841179,MALO
7.440002,-0.062249,8.921992,3.863045,9.722599,66.58886,90.39975,MALO
7.4506607,0.070629,8.945934,3.784036,9.713581,67.072792,89.547653,MALO
7.4602995,0.055067,9.010578,3.790021,9.775368,67.187828,89.649849,MALO
7.4703736,-0.122104,9.090784,3.909731,9.896629,66.730476,90.769531,MALO
7.4808059,-0.302867,9.107543,3.98874,9.947317,66.360138,91.90464,MALO
7.4909368,-0.310049,9.066842,3.989937,9.910769,66.260056,91.958519,MALO
7.5000086,-0.253785,9.052477,4.009091,9.903765,66.121109,91.605858,MALO
7.5100946,-0.227449,9.108741,4.036624,9.965703,66.105637,91.430405,MALO
7.5200377,-0.354342,9.052477,3.96001,9.887091,66.389107,92.241592,MALO
7.5300446,-0.456095,9.053674,3.933673,9.881843,66.542366,92.883942,MALO
7.5413675,-0.573411,9.023746,3.993528,9.884588,66.17054,93.635956,MALO
7.550559,-0.581791,8.985439,4.06296,9.878473,65.713829,93.704628,MALO
7.5604348,-0.602142,8.965088,4.056975,9.858723,65.700195,93.842506,MALO
7.5699859,-0.566229,9.051279,3.986346,9.906424,66.27169,93.579636,MALO
7.5800657,-0.496797,9.166202,3.952827,9.994543,66.702934,93.102325,MALO
7.5900617,-0.509965,9.156625,3.939659,9.98122,66.752289,93.187714,MALO
7.6000719,-0.480037,9.156625,3.910928,9.96843,66.900352,93.000992,MALO
7.6098685,-0.436942,9.156625,3.998317,10.001061,66.434998,92.732002,MALO
7.6198082,-0.542287,9.08001,4.040215,9.95309,66.05085,93.417824,MALO
7.6299295,-0.666785,9.006987,4.012682,9.882915,66.044807,94.233871,MALO
7.6398659,-0.719458,9.039309,3.879804,9.863042,66.835777,94.550697,MALO
7.6498919,-0.584185,9.099164,3.915717,9.923149,66.758705,93.67347,MALO
7.6599679,-0.477643,9.120711,3.981557,9.963348,66.445549,92.997787,MALO
7.6702528,-0.415394,9.056067,3.971981,9.897552,66.339943,92.626266,MALO
7.6800261,-0.363919,9.069236,3.890578,9.875225,66.798027,92.297859,MALO
7.689908,-0.420182,9.033323,3.871424,9.836941,66.823822,92.663177,MALO
7.6999779,-0.568623,8.953117,3.858256,9.765643,66.728745,93.634041,MALO
7.7100048,-0.794875,8.959103,3.50152,9.651838,68.728813,95.070152,MALO
